0,7Networks_LH_SomMot_1
1,7Networks_LH_SomMot_2
2,7Networks_LH_SomMot_3
3,7Networks_LH_SomMot_4
4,7Networks_LH_SomMot_5
5,7Networks_LH_SomMot_6
6,7Networks_LH_SomMot_7
7,7Networks_LH_SomMot_8
8,7Networks_LH_SomMot_9
9,7Networks_LH_SomMot_10
10,7Networks_LH_SomMot_11
11,7Networks_LH_SomMot_12
12,7Networks_LH_SomMot_13
13,7Networks_LH_SomMot_14
14,7Networks_LH_SomMot_15
15,7Networks_LH_SomMot_16
16,7Networks_LH_SomMot_17
17,7Networks_LH_SomMot_18
18,7Networks_LH_SomMot_19
19,7Networks_LH_SomMot_20
20,7Networks_LH_SomMot_21
21,7Networks_LH_SomMot_22
22,7Networks_LH_SomMot_23
23,7Networks_LH_SomMot_24
24,7Networks_LH_SomMot_25
25,7Networks_LH_SomMot_26
26,7Networks_LH_SomMot_27
27,7Networks_LH_SomMot_28
28,7Networks_LH_SomMot_29
29,7Networks_LH_SomMot_30
30,7Networks_LH_SomMot_31
31,7Networks_LH_SomMot_32
32,7Networks_LH_SomMot_33
33,7Networks_LH_SomMot_34
34,7Networks_LH_SomMot_35
35,7Networks_LH_SomMot_36
36,7Networks_LH_SomMot_37
37,7Networks_RH_SomMot_1
38,7Networks_RH_SomMot_2
39,7Networks_RH_SomMot_3
40,7Networks_RH_SomMot_4
41,7Networks_RH_SomMot_5
42,7Networks_RH_SomMot_6
43,7Networks_RH_SomMot_7
44,7Networks_RH_SomMot_8
45,7Networks_RH_SomMot_9
46,7Networks_RH_SomMot_10
47,7Networks_RH_SomMot_11
48,7Networks_RH_SomMot_12
49,7Networks_RH_SomMot_13
50,7Networks_RH_SomMot_14
51,7Networks_RH_SomMot_15
52,7Networks_RH_SomMot_16
53,7Networks_RH_SomMot_17
54,7Networks_RH_SomMot_18
55,7Networks_RH_SomMot_19
56,7Networks_RH_SomMot_20
57,7Networks_RH_SomMot_21
58,7Networks_RH_SomMot_22
59,7Networks_RH_SomMot_23
60,7Networks_RH_SomMot_24
61,7Networks_RH_SomMot_25
62,7Networks_RH_SomMot_26
63,7Networks_RH_SomMot_27
64,7Networks_RH_SomMot_28
65,7Networks_RH_SomMot_29
66,7Networks_RH_SomMot_30
67,7Networks_RH_SomMot_31
68,7Networks_RH_SomMot_32
69,7Networks_RH_SomMot_33
70,7Networks_RH_SomMot_34
71,7Networks_RH_SomMot_35
72,7Networks_RH_SomMot_36
73,7Networks_RH_SomMot_37
74,7Networks_RH_SomMot_38
75,7Networks_RH_SomMot_39
76,7Networks_RH_SomMot_40
